{
    "base_model": {
        "polarity": {
            "acc": 0.5467032967032966,
            "f1": 0.0
        },
        "emotion": {
            "macro_f1": 0.20390816210410634
        },
        "dynamics": {
            "acc": 0.7345597897503285
        },
        "intensity": {
            "acc": 0.4298642533936652,
            "f1": 0.3470965309200604
        }
    },
    "sft_model": {
        "polarity": {
            "acc": 0.510989010989011,
            "f1": 0.0
        },
        "emotion": {
            "macro_f1": 0.052712926230186995
        },
        "dynamics": {
            "acc": 0.7345597897503285
        },
        "intensity": {
            "acc": 0.3212669683257919,
            "f1": 0.25896716409050374
        }
    },
    "weighted_acc": {
        "base": 0.4697521506019828,
        "sft": 0.3992481370473054,
        "improvement": -0.07050401355467739
    }
}